"Allahabad Bank",cmd@allahabadbank.in
"Andhra Bank",cmd@andhrabank.co.in
"Bank of Baroda",cmd@bankofbaroda.com
"Bank of India",cmd@bankofindia.co.in
"Bank of Maharashtra","mdceo@mahabank.co.in,cmd@bankofindia.co.in"
"Canara Bank",cmdscrt@canarabank.com
"Central Bank of India",chairman@centralbank.co.in
"Corporation Bank",cmd@corpbank.co.in
"Dena Bank",cmd@denabank.co.in
"Indian Bank",cmdsec@indian-bank.com
"Indian Overseas Bank",cmd@iobnet.co.in
"IDBI Bank",cmd@idbi.co.in
"Oriental Bank of Commerce",cmd@obc.co.in
"Punjab and Sindh Bank",cmd@psb.org.in
"Punjab National Bank",cmd@pnb.co.in
"State Bank of India",chairman@sbi.co.in
"Syndicate Bank",chairman@sbi.co.in
"UCO Bank",cmdsec.calcutta@ucobank.co.in
"Union Bank of India",cmd@unionbankofindia.com
"United Bank of India",cmdunitedbank@unitedbank.co.in
"Vijaya Bank",cmd@vijayabank.co.in
"HDFC Bank",aditya.puri@hdfcbank.com
"ICICI Bank",chanda.kochhar@icicibank.com
